carrier_name,flights,delayed,delay_hours,cancelled,carrier_delay,weather_delay,nas_delay,late_aircraft_delay,delay_rate,cancellation_rate,late_aircraft_share,delay_hours_per_1k_flights,cluster
ATA Airlines d/b/a ATA,181463.0,35298.0,34052.51666666666,1862.0,405504.0,22990.679999999993,855393.1199999999,729633.0,0.19451899285253743,0.010261044951312389,0.3623667557841965,187.65542654241727,0
Air Wisconsin Airlines Corp,523646.0,97971.0,137213.89999999994,16663.0,2324426.52,461069.4799999999,1370718.5199999998,3949371.5599999987,0.18709395278489666,0.03182111579196633,0.48724071535614355,262.03561184464303,2
AirTran Airways Corporation,2427762.0,486307.0,411081.49999999977,23771.0,4337725.68,333751.36,6882867.439999999,12353900.079999994,0.2003108212419504,0.009791322213627201,0.5167213363991119,169.32528806365687,2
Alaska Airlines Inc.,2309954.0,392718.0,317482.79999999993,23907.0,6399036.2,522002.04,4599295.359999999,7270036.639999999,0.17001117771176397,0.010349556744420018,0.3869022561633144,137.44117848234202,0
Alaska Airlines Network,1575469.0,284479.0,229781.2166666666,27232.0,4212998.359999999,499758.1599999999,4084123.3199999994,4761307.679999999,0.18056781821794018,0.01728501163780436,0.3511758244216996,145.84940526704528,0
Allegiant Air,774867.0,184022.0,229249.03333333333,26547.0,4559152.0,1069177.2399999998,2487800.0,5570484.0,0.23748849802611288,0.03426007301898261,0.40700236810373985,295.8559770042257,1
Aloha Airlines Inc.,89547.0,6374.0,4373.683333333333,1175.0,144922.0,2297.0,15933.0,97398.0,0.07118049739243079,0.013121600946988733,0.3738169257340242,48.842321164677024,0
America West Airlines Inc.,503162.0,96342.0,71301.25,6465.0,1675976.8399999999,70883.68,1309726.1199999999,1164624.0,0.19147312396405133,0.012848744539532,0.2758981011191614,141.70634904861654,0
American Airlines Inc.,9457537.0,1984814.0,1606536.9666666656,167685.0,30110784.999999996,6020110.199999997,25076332.359999992,33850442.359999985,0.20986584562132826,0.017730303354879816,0.3561042721590834,169.86843050856322,2
American Airlines Network,6043869.0,1231294.0,1178442.3833333324,139762.0,23509601.159999996,3500795.359999998,12720085.279999996,29449739.47999998,0.2037261231174931,0.023124591217976432,0.42569594220875834,194.98145696627978,2
American Eagle Airlines Inc.,5184465.0,1129165.0,909100.4333333328,178259.0,15772311.959999999,3903821.679999999,13915811.599999996,20591295.039999988,0.2177977862711003,0.034383297022932933,0.38003070568669195,175.35086712579462,2
Atlantic Coast Airlines,374247.0,79078.0,72151.26666666663,11960.0,1060800.68,303373.75999999995,995880.7199999996,1728411.9599999995,0.21129895496824289,0.031957504001368084,0.42275305371662125,192.7905011039945,2
Atlantic Southeast Airlines,2526762.0,618201.0,444843.9499999997,68385.0,10806773.959999999,3075732.639999999,5359715.959999998,6839821.319999997,0.24466134918919946,0.02706428227114386,0.262242535572331,176.05296818616065,1
Comair Inc.,1765828.0,394146.0,339045.0333333332,58036.0,7514035.119999999,3482037.3199999984,6488128.079999999,1074183.0,0.22320746981019668,0.03286616816586893,0.05788128038427348,192.00343030767053,1
"Commutair Aka Champlain Enterprises, Inc.",280544.0,68214.0,97056.56666666664,11227.0,1676049.3599999999,334773.4799999999,1111494.9999999995,2528786.159999999,0.24314902475191058,0.04001867799703433,0.4474853338391932,345.9584473974373,1
CommuteAir LLC dba CommuteAir,162654.0,27797.0,40252.5,3162.0,875656.0,183503.07999999996,367468.0,973614.0,0.1708965042359856,0.01944003836364307,0.40563175429028153,247.47316389390977,2
Compass Airlines,206764.0,37042.0,45103.15,2156.0,977523.0,69247.68,422139.0,1233371.0,0.1791511094774719,0.010427347120388461,0.45641853902459906,218.13831227873322,2
Continental Air Lines Inc.,2447164.0,537252.0,431445.833333333,20395.0,6299458.199999999,1277032.3599999994,9517483.519999996,7457108.439999998,0.21954066012739645,0.008334136984689216,0.3037384780864644,176.30442149906298,0
Delta Air Lines Inc.,10063587.0,1712727.0,1269771.3999999994,112336.0,25478863.04,3963890.0799999987,21941241.039999995,24024091.23999999,0.17019050960656473,0.011162620246637705,0.3185877364816372,126.17483209515648,0
Delta Air Lines Network,6234005.0,894971.0,860752.3666666662,73386.0,21763250.759999998,2917907.839999999,11228690.359999998,14284343.879999995,0.14356276583031294,0.011771886612217989,0.28458160340446265,138.0737369743313,0
Empire Airlines Inc.,23122.0,3423.0,3432.45,1304.0,46980.0,4969.0,12130.0,141618.0,0.14804082691808668,0.05639650549260444,0.6884786846672533,148.44952858749244,2
Endeavor Air Inc.,1753519.0,242388.0,304639.6333333333,37868.0,5782073.8,1275705.5199999996,4193861.6799999992,6639301.84,0.13822946885662488,0.02159543181453979,0.37109848817783164,173.73044337320172,0
Envoy Air,2455009.0,468366.0,429804.2833333331,79300.0,6787641.239999999,2145856.679999999,6373663.319999998,10153967.999999996,0.19077974866894581,0.032301307245716816,0.39880273589939164,175.07238602112378,2
ExpressJet Airlines Inc.,7148719.0,1536141.0,1453004.2166666659,192076.0,26230912.2,3055195.039999999,20869303.75999999,33972529.79999998,0.21488339379404897,0.0268685900229118,0.40381981868264144,203.2537880796078,2
ExpressJet Airlines LLC,149213.0,29713.0,40846.483333333315,8060.0,761608.6799999999,95705.35999999999,749344.6799999997,697855.0,0.19913144297078672,0.05401674116866493,0.30282093525570336,273.7461436559369,1
Frontier Airlines,1041066.0,272946.0,332259.7166666666,24683.0,5906831.12,422770.72,4011502.28,9450145.519999998,0.2621793430964031,0.023709351760599233,0.47749109792947864,319.15336459616066,1
Frontier Airlines Inc.,1120723.0,241699.0,216525.8,6901.0,3131493.0,274236.04,4465017.199999999,5020713.199999999,0.21566346010566392,0.006157632171375086,0.38946041938599935,193.20188842381214,2
GoJet Airlines LLC d/b/a United Express,426823.0,80529.0,111546.51666666666,13275.0,1879214.0,345929.1599999999,1433710.2,3005253.88,0.1886707136213372,0.0311018853248302,0.4509612123228677,261.3413913183373,2
Hawaiian Airlines Inc.,935934.0,72785.0,54081.65,2468.0,2156313.0,65994.35999999999,55760.0,955682.0,0.07776723572388651,0.002636938074693301,0.2955337268315687,57.7836150839696,0
Hawaiian Airlines Network,501382.0,74986.0,56303.08333333332,5439.0,1937341.44,110158.71999999997,103463.0,1161801.7599999998,0.1495586199743908,0.01084801608354508,0.3507045588975869,112.29578112762987,0
Horizon Air,690605.0,98745.0,79172.98333333334,13413.0,1532568.0,192264.75999999995,1079703.2,1886876.0,0.1429833262139718,0.01942210091151961,0.4021978918261529,114.64293385268472,0
Independence Air,196436.0,38823.0,31310.86666666665,4195.0,304026.0,34186.0,514737.31999999983,920770.3999999994,0.1976368893685475,0.021355556008063697,0.5191183193249945,159.39474773802485,2
JetBlue Airways,4720734.0,1151344.0,1207012.3499999994,88042.0,23806111.24,2096791.5199999998,17720769.479999997,27352340.959999986,0.24389088645960563,0.018650065858402527,0.38537443464068777,255.68319460490662,1
Mesa Airlines Inc.,2743539.0,534018.0,609863.7999999998,79863.0,14507288.639999999,2033214.2799999993,5795051.359999999,13521670.719999997,0.19464567480177974,0.029109482314630848,0.3770975227447188,222.29091695069752,2
Northwest Airlines Inc.,2767549.0,610029.0,437904.633333333,33857.0,9999770.159999998,1884423.5199999989,8418708.799999999,5537514.999999997,0.22042211357414088,0.012233568402944265,0.21429665384802438,158.2283216424833,0
PSA Airlines Inc.,1640351.0,294439.0,325100.5999999998,49358.0,5677487.279999999,1300381.8399999996,3241319.36,8940070.799999997,0.17949755875419346,0.03008990149059561,0.46661881178947123,198.18965575050692,2
Piedmont Airlines,702550.0,107941.0,126512.91666666667,21316.0,1756396.0,728742.9999999998,1487809.3199999998,3523062.9599999995,0.15364173368443526,0.030340901003487297,0.46999168336363545,180.07674424121655,2
Pinnacle Airlines Inc.,1222147.0,220024.0,204302.5166666666,33122.0,4288813.56,607360.7599999998,3206316.6799999997,4031942.679999999,0.18003071643591156,0.027101486155102456,0.3322728350022182,167.16689290786346,0
Republic Airline,2140483.0,324844.0,360292.69999999995,63587.0,5797260.4399999995,1203152.5199999998,6346929.239999998,7586755.88,0.15176200885501076,0.029706846538841935,0.362411404160193,168.32308408896492,0
SkyWest Airlines Inc.,13606982.0,2357200.0,2418153.683333332,264430.0,54466775.04,9542879.919999994,21724502.519999992,51390791.79999998,0.17323459382837428,0.019433405585456056,0.3747734607730897,177.71418256695952,0
Southwest Airlines,9012754.0,1701556.0,1366122.3499999994,225012.0,26842938.56,2032930.7999999996,12950457.359999998,38688630.91999998,0.18879423536912246,0.0249659538027999,0.48051482673549084,151.5765713787372,2
Southwest Airlines Co.,16808156.0,3159243.0,2473069.1999999993,170923.0,38338116.48,5249909.959999997,21750677.56,79350893.03999996,0.18795892898661817,0.010169051262970191,0.5484215497404635,147.13506942700909,2
Spirit Air Lines,412396.0,97462.0,105968.63333333333,9774.0,1243322.0,120597.0,3205424.2399999998,1755032.0,0.23633109923471615,0.023700520858592228,0.27750282571784907,256.9584412393266,1
Spirit Airlines,1482404.0,317738.0,363563.8833333333,30981.0,5789708.76,814224.72,8575491.239999998,6279766.52,0.21433968068084003,0.02089916109238777,0.2926376138675019,245.25290226775786,1
Trans States Airlines,178098.0,43815.0,62186.53333333333,7672.0,1097827.3599999999,154826.03999999998,648638.08,1821619.3199999998,0.24601623825085064,0.04307740682096374,0.4892997490028501,349.1703069845441,1
US Airways Inc.,5188612.0,997160.0,777596.1666666664,76465.0,13365479.6,1425444.2399999998,15559087.839999996,15489981.439999998,0.192182417956864,0.014737081901672354,0.33791413099583817,149.86593074731093,0
United Air Lines Inc.,7008520.0,1411383.0,1276400.6166666658,102651.0,21491694.599999998,2732176.6799999992,19258577.999999993,31902428.759999987,0.20138103337081154,0.014646601564952372,0.42319400905672666,182.121277625899,2
United Air Lines Network,4183672.0,780801.0,773330.7166666661,74810.0,13809355.399999999,2432534.799999999,10147614.519999996,19494340.47999999,0.18663054847511945,0.01788142091445027,0.4248628334226879,184.84496792928942,2
Virgin America,389060.0,79576.0,81281.28333333333,3550.0,837394.0,245371.36,1724555.2799999993,1692431.0,0.20453400503778338,0.009124556623657019,0.3761165360673107,208.91709076577732,2
